{"accuracy": [0.5813784599304199, 0.8593783378601074, 0.9133224487304688, 0.9398676753044128, 0.9542072415351868, 0.9642080068588257, 0.97134929895401, 0.97584468126297, 0.9789600968360901, 0.9806103110313416], "loss": [1.4282338619232178, 0.4445769190788269, 0.26916995644569397, 0.18450506031513214, 0.13960766792297363, 0.10680963844060898, 0.08607405424118042, 0.07284338027238846, 0.06298211961984634, 0.05983175337314606], "val_accuracy": [0.8479968309402466, 0.9064420461654663, 0.9310835599899292, 0.9436603784561157, 0.9560664892196655, 0.9566355347633362, 0.9580582976341248, 0.9681311249732971, 0.9664807915687561, 0.9703505635261536], "val_loss": [0.49171045422554016, 0.28707680106163025, 0.20674088597297668, 0.17566056549549103, 0.1366286426782608, 0.1385170817375183, 0.13824835419654846, 0.1084241271018982, 0.11470064520835876, 0.10665664821863174]}