{"accuracy": [0.6989970803260803, 0.8700191974639893, 0.9176470637321472, 0.9410768747329712, 0.9551888704299927, 0.9651610851287842, 0.9713777899742126, 0.9756597280502319, 0.9778647422790527, 0.9819190502166748], "loss": [0.9851926565170288, 0.40893563628196716, 0.25579220056533813, 0.1800793558359146, 0.1363772600889206, 0.10809467732906342, 0.08754945546388626, 0.07504677772521973, 0.06748654693365097, 0.05749274045228958], "val_accuracy": [0.861598014831543, 0.8732643127441406, 0.9352948069572449, 0.9380264282226562, 0.9394491314888, 0.9560664892196655, 0.9603915214538574, 0.9578306674957275, 0.963464617729187, 0.9680742025375366], "val_loss": [0.44952115416526794, 0.4088689684867859, 0.2083902806043625, 0.19682997465133667, 0.19630217552185059, 0.13326209783554077, 0.12331081181764603, 0.14604440331459045, 0.12361884117126465, 0.09952030330896378]}